Feature,Coefficient
year,0.5513315032021614
km_driven,0.07378815463323898
