Actual,Predicted,Error
2711000.0,602590.0525058378,2108409.9474941622
2711000.0,602590.0525058378,2108409.9474941622
2711000.0,602590.0525058378,2108409.9474941622
2825000.000000001,612816.3840375677,2212183.615962433
2949999.9999999986,626451.5948366552,2323548.4051633435
